1;Classical Mythology;Mark P. O. Morford;2002;Oxford University Press
2;Clara Callan;Richard Bruce Wright;2001;HarperFlamingo Canada
3;Decision in Normandy;Carlo D'Este;1991;HarperPerennial
4;Flu: The Story of the Great Influenza Pandemic of 1918 and the Search for the Virus That Caused It;Gina Bari Kolata;1999;Farrar Straus Giroux
5;The Mummies of Urumchi;E. J. W. Barber;1999;W. W. Norton  Company
6;The Kitchen God's Wife;Amy Tan;1991;Putnam Pub Group
7;What If?: The World's Foremost Military Historians Imagine What Might Have Been;Robert Cowley;2000;Berkley Publishing Group
8;PLEADING GUILTY;Scott Turow;1993;Audioworks
9;Under the Black Flag: The Romance and the Reality of Life Among the Pirates;David Cordingly;1996;Random House
10;Where You'll Find Me: And Other Stories;Ann Beattie;2002;Scribner
11;Nights Below Station Street;David Adams Richards;1988;Emblem Editions
12;Hitler's Secret Bankers: The Myth of Swiss Neutrality During the Holocaust;Adam Lebor;2000;Citadel Press
13;The Middle Stories;Sheila Heti;2004;House of Anansi Press
14;Jane Doe;R. J. Kaiser;1999;Mira Books
15;A Second Chicken Soup for the Woman's Soul (Chicken Soup for the Soul Series);Jack Canfield;1998;Health Communications
16;The Witchfinder (Amos Walker Mystery Series);Loren D. Estleman;1998;Brilliance Audio - Trade
17;More Cunning Than Man: A Social History of Rats and Man;Robert Hendrickson;1999;Kensington Publishing Corp.
18;Goodbye to the Buttermilk Sky;Julia Oliver;1994;River City Pub
19;The Testament;John Grisham;1999;Dell
20;Beloved (Plume Contemporary Fiction);Toni Morrison;1994;Plume
21;Our Dumb Century: The Onion Presents 100 Years of Headlines from America's Finest News Source;The Onion;1999;Three Rivers Press
22;New Vegetarian: Bold and Beautiful Recipes for Every Occasion;Celia Brooks Brown;2001;Ryland Peters  Small Ltd
23;If I'd Known Then What I Know Now: Why Not Learn from the Mistakes of Others? : You Can't Afford to Make Them All Yourself;J. R. Parrish;2003;Cypress House
24;Mary-Kate  Ashley Switching Goals (Mary-Kate and Ashley Starring in);Mary-Kate  Ashley Olsen;2000;HarperEntertainment
25;Tell Me This Isn't Happening;Robynn Clairday;1999;Scholastic
26;Flood : Mississippi 1927;Kathleen Duey;1998;Aladdin
27;Wild Animus;Rich Shapero;2004;Too Far
28;Airframe;Michael Crichton;1997;Ballantine Books
29;Timeline;MICHAEL CRICHTON;2000;Ballantine Books
30;OUT OF THE SILENT PLANET;C.S. Lewis;1996;Scribner
31;Prague : A Novel;ARTHUR PHILLIPS;2003;Random House Trade Paperbacks
32;Chocolate Jesus;Stephan Jaramillo;1998;Berkley Publishing Group
33;Wie Barney es sieht.;Mordecai Richler;2002;L√?¬ºbbe
34;Der Fluch der Kaiserin. Ein Richter- Di- Roman.;Eleanor Cooney;2001;Goldmann
35;Sturmzeit. Roman.;Charlotte Link;1991;Goldmann
36;Tage der Unschuld.;Richard North Patterson;2000;Goldmann
37;Lying Awake;Mark Salzman;2000;Alfred A. Knopf
38;To Kill a Mockingbird;Harper Lee;1988;Little Brown  Company
39;Seabiscuit: An American Legend;LAURA HILLENBRAND;2002;Ballantine Books
40;Pigs in Heaven;Barbara Kingsolver;1993;Harpercollins
41;Miss Zukas and the Raven's Dance;Jo Dereske;1996;Avon
42;Pride and Prejudice;Jane Austen;1983;Bantam
43;The Therapeutic Touch: How to Use Your Hands to Help or to Heal;Dolores Krieger;1979;Fireside
44;Downtown;Anne Rivers Siddons;1995;HarperTorch
45;Icebound;Dean R. Koontz;2000;Bantam Books
46;I'll Be Seeing You;Mary Higgins Clark;1994;Pocket
47;From the Corner of His Eye;Dean Koontz;2001;Bantam Books
48;Isle of Dogs;Patricia Cornwell;2002;Berkley Publishing Group
49;Purity in Death;J.D. Robb;2002;Berkley Publishing Group
50;This Year It Will Be Different: And Other Stories;Maeve Binchy;1997;Dell
51;Proxies;Laura J. Mixon;1999;Tor Books
52;Left Behind: A Novel of the Earth's Last Days (Left Behind #1);Tim Lahaye;2000;Tyndale House Publishers
53;The Street Lawyer;JOHN GRISHAM;1999;Dell
54;Love, Medicine and Miracles;M.D. Bernie S. Siegel;1988;HarperCollins Publishers
55;All the King's Men;Robert Penn Warren;1982;Harvest Books
56;Pacific Northwest;Hans Johannes Hoefer;1985;Chambers Harrap Publishers Ltd
57;A Soldier of the Great War;Mark Helprin;1992;Avon Books
58;Getting Well Again;O. Carol Simonton Md;1992;Bantam
59;Northwest Wines and Wineries;Chuck Hill;1993;Speed Graphics
60;An Atmosphere of Eternity: Stories of India;David Iglehart;2002;Sunflower Press
61;LONESOME DOVE;Larry McMurtry;1986;Pocket
62;Shabanu: Daughter of the Wind (Border Trilogy);SUZANNE FISHER STAPLES;1991;Laurel Leaf
63;Haveli (Laurel Leaf Books);SUZANNE FISHER STAPLES;1995;Laurel Leaf
64;Lieux dits;Michel Tournier;2002;Gallimard
65;The Dragons of Eden: Speculations on the Evolution of Human Intelligence;Carl Sagan;1978;Ballantine Books
66;The yawning heights;Aleksandr Zinoviev;1980;Random House
67;Breathing Lessons;Anne Tyler;1994;Berkley Publishing Group
68;The Joy Luck Club;Amy Tan;1994;Prentice Hall (K-12)
69;Heart of Darkness (Wordsworth Collection);Joseph Conrad;1998;NTC/Contemporary Publishing Company
70;The Angel Is Near;Deepak Chopra;2000;St. Martin's Press
71;Tess of the D'Urbervilles (Wordsworth Classics);Thomas Hardy;1997;NTC/Contemporary Publishing Company
72;The Adventures of Drew and Ellie: The Magical Dress;Charles Noland;2003;1stBooks Library
73;The Accidental Virgin;Valerie Frankel;2003;Avon Trade
74;The Tao of Pooh;Benjamin Hoff;1983;Penguin Books
75;Seabiscuit;LAURA HILLENBRAND;2003;Ballantine Books
76;The Prince;Niccolo Machiavelli;1952;Signet Book
77;Life's Little Instruction Book (Life's Little Instruction Books (Paperback));H. Jackson Brown;1991;Thomas Nelson
78;Starship Troopers;Robert A. Heinlein;1987;Ace Books
79;The Ruby in the Smoke (Sally Lockhart Trilogy, Book 1);PHILIP PULLMAN;1988;Laurel Leaf
80;Black Beauty (Illustrated Classics);Anna Sewell;1995;Landoll
81;Anil's Ghost;MICHAEL ONDAATJE;2000;Knopf
82;Prescription for Terror;Sandra Levy Ceren;1999;Andrew Scott Publishers
83;Modern Manners: An Etiquette Book for Rude People;P.J. O'Rourke;1990;Atlantic Monthly Press
84;Turning Thirty;Mike Gayle;2000;Hodder  Stoughton General Division
85;Decipher;Stel Pavlou;2002;Simon  Schuster (Trade Division)
86;My First Cousin Once Removed: Money, Madness, and the Family of Robert Lowell;Sarah Payne Stuart;1999;Perennial
87;Standing Firm: A Vice-Presidential Memoir;Dan Quayle;1994;Harpercollins
88;Team Bush : Leadership Lessons from the Bush White House;Donald F. Kettl;2003;McGraw-Hill
89;The Right Man : The Surprise Presidency of George W. Bush;DAVID FRUM;2003;Random House
90;Daybreakers Louis Lamour Collection;Louis Lamour;1981;Bantam Doubleday Dell
91;The Catcher in the Rye;J.D. Salinger;1991;Little, Brown
92;El Senor De Los Anillos: LA Comunidad Del Anillo (Lord of the Rings (Spanish));J. R. R. Tolkien;2001;Minotauro
93;El Senor De Los Anillos: Las DOS Torres (Lord of the Rings (Paperback));J. R. R. Tolkien;2001;Minotauro
94;El Senor De Los Anillos: El Retorno Del Rey (Tolkien, J. R. R. Lord of the Rings. 3.);J. R. R. Tolkien;2001;Distribooks
95;Midnight in the Garden of Good and Evil: A Savannah Story;John Berendt;1994;Random House
96;Pretend You Don't See Her;Mary Higgins Clark;1998;Pocket
97;Fast Women;Jennifer Crusie;2001;St. Martin's Press
98;Female Intelligence;Jane Heller;2001;St. Martin's Press
99;Pasquale's Nose: Idle Days in an Italian Town;Michael Rips;2002;Back Bay Books
100;The Gospel of Judas: A Novel;Simon Mawer;2002;Back Bay Books
101;Prize Stories, 1987: The O'Henry Awards;William Abrahams;1987;Doubleday Books
102;Rich Dad, Poor Dad: What the Rich Teach Their Kids About Money--That the Poor and Middle Class Do Not!;Robert T. Kiyosaki;2000;Warner Books
103;The Pillars of the Earth;Ken Follett;1996;Signet Book
104;McDonald's: Behind the Arches;John F. Love;1995;Bantam
105;Creating Wealth : Retire in Ten Years Using Allen's Seven Principles of Wealth!;Robert G. Allen;1986;Fireside
106;Corelli's Mandolin : A Novel;LOUIS DE BERNIERES;1995;Vintage
107;Love, Miracles, and Animal Healing : A heartwarming look at the spiritual bond between animals and humans;Pam Proctor;1996;Fireside
108;The Five People You Meet in Heaven;Mitch Albom;2003;Hyperion
109;Tu Nombre Escrito En El Agua (La Sonrisa Vertical);Irene Gonzalez Frei;2002;Tusquets
110;Relics (Star Trek: The Next Generation);Michael Jan Friedman;1992;Star Trek
111;Bless The Beasts And Children : Bless The Beasts And Children;Glendon Swarthout;1995;Pocket
112;The Touch of Your Shadow, the Whisper of Your Name (Babylon 5, Book 5);Neal Barrett Jr.;1996;Dell
113;Blood Oath;David Morrell;1994;St. Martin's Press
114;The Alibi;Sandra Brown;2000;Warner Books
115;The Beach House;James Patterson;2003;Warner Books
116;A Kiss Remembered;Sandra Brown;2003;Warner Books
117;The Short Forever;Stuart Woods;2003;Signet Book
118;Dead Aim;IRIS JOHANSEN;2004;Bantam Books
119;Angels  Demons;Dan Brown;2001;Pocket Star
120;The Deal;Joe Hutsko;2000;Tor Books (Mm)
121;All He Ever Wanted: A Novel;Anita Shreve;2004;Back Bay Books
122;Every Breath You Take : A True Story of Obsession, Revenge, and Murder;Ann Rule;2002;Pocket
123;If I Ever Get Back to Georgia, I'm Gonna Nail My Feet to the Ground;LEWIS GRIZZARD;1991;Ballantine Books
124;The Mosquito Coast;Paul Theroux;1990;Harper Mass Market Paperbacks (Mm)
125;If Love Were Oil, I'd Be About a Quart Low;Lewis Grizzard;1994;Warner Books (Mm)
126;Goodbye, My Little Ones: The True Story of a Murderous Mother and Five Innocent Victims;Charles Hickey;1996;Onyx Books
127;The Girl Who Loved Tom Gordon;Stephen King;2000;Pocket
128;Bringing Down the House: The Inside Story of Six M.I.T. Students Who Took Vegas for Millions;Ben Mezrich;2003;Free Press
129;The Oneprince (The Redaemian Chronicles, Book 1);Bill Hand;1992;Thomas Nelson Inc
130;The Sum of All Fears;Tom Clancy;2002;Berkley Publishing Group
131;Care Packages : Letters to Christopher Reeve from Strangers and Other Friends;DANA REEVE;1999;Random House
132;O Deus Das Pequenas Coisas;Roy;1998;Edicoes Asa
133;Lady in Green/Minor Indiscretions (Signet Regency Romance);Barbara Metzger;2002;Signet Book
134;One Hundred Years of Solitude;Gabriel Garcia Marquez;1998;Perennial
135;Little Altars Everywhere: A Novel;Rebecca Wells;1996;Perennial
136;Coyote Waits (Joe Leaphorn/Jim Chee Novels);Tony Hillerman;1992;HarperTorch
137;Before I Say Good-Bye;Mary Higgins Clark;2001;Pocket
138;Slow Waltz in Cedar Bend;Robert James Waller;1994;Warner Books
139;Twenty Minute Retreats: Revive Your Spirits in Just Minutes a Day (A Pan Self-discovery Title);Rachel Harris;2001;Pan Macmillan
140;Atonement : A Novel;IAN MCEWAN;2003;Anchor
141;Next: The Future Just Happened;Michael Lewis;2001;W.W. Norton  Company
142;The Angelic Darkness;Richard Zimler;1999;Arcadia Books
143;The Soulbane Stratagem;Norman Jetmundsen;2000;John Hunt Publishing, Ltd.
144;Gangster;Lorenzo Carcaterra;2002;Fawcett Books
145;Hush;Anne Frasier;2002;Onyx Books
146;Whisper of Evil (Hooper, Kay. Evil Trilogy.);Kay Hooper;2002;Bantam Books
147;Temor y Temblor;Soren Kierkegaard;2001;Alianza
148;Estudios sobre el amor;Jose Ortega Y Gaset;2001;Downtown Book Center
149;Rebecca;Daphne Du Maurier;1994;Avon
150;Scarlet Letter;Nathaniel Hawthorne;1993;Signet Book
151;Keep It Simple: And Get More Out of Life;Nick Page;1999;Trafalgar Square
152;Diary of a Mad Mom-To-Be;Laura Wolf;2003;Delta
153;Locked in Time (Laurel Leaf Books);LOIS DUNCAN;1986;Laure Leaf
154;Contact;Susan Grant;2002;Love Spell
155;The Brimstone Wedding;Barbara Vine;1997;Penguin Books Ltd
156;The Catswold Portal;Shirley Rousseau Murphy;1993;Roc
157;Through Wolf's Eyes (Wolf);Jane Lindskold;2002;Tor Fantasy
158;Puerto Vallarta Squeeze;Robert James Waller;1995;Warner Books
159;Tree Grows In Brooklyn;Betty Smith;1988;Harpercollins Publisher
160;Cybill Disobedience: How I Survived Beauty Pageants, Elvis, Sex, Bruce Willis, Lies, Marriage, Motherhood, Hollywood, and the Irrepressible Urge to Say What I Think;Cybill Shepherd;2001;Avon Books
161;Snow Angels;Stewart O'Nan;1995;Penguin Books
162;Wish You Well;David Baldacci;2000;Warner Books
163;The Hitchhiker's Guide to the Galaxy;Douglas Adams;1982;Pocket
164;Crow Lake (Today Show Book Club #7);Mary Lawson;2003;Delta
165;My Antonia;Willa Cather;1995;Mariner Books
166;Pen Pals;Olivia Goldsmith;2002;Signet Book
167;Bridget Jones's Diary;Helen Fielding;1997;Picador (UK)
168;Pride and Prejudice (Dover Thrift Editions);Jane Austen;1995;Dover Publications
169;EYE ON CRIME: HARDY BOYS #153;Franklin W. Dixon;1998;Aladdin
170;Skin And Bones;Franklin W. Dixon;2000;Aladdin
171;LAW OF THE JUNGLE (HARDY BOYS CASE FILE 105) : LAW OF THE JUNGLE (Hardy Boys, The);Franklin W. Dixon;1995;Simon Pulse
172;The Cat Who Came to Breakfast (Cat Who... (Hardcover));Lilian Jackson Braun;1994;Putnam Pub Group
173;If Singleness Is a Gift, What's the Return Policy?;Holly Virden;2003;Nelson Books
174;Always Daddy's Girl: Understanding Your Father's Impact on Who You Are;H. Norman Wright;1989;Regal Books
175;Night Mare (Xanth Novels (Paperback));Piers Anthony;1990;Del Rey Books
176;The Martian Chronicles;RAY BRADBURY;1984;Spectra
177;Kabale Und Liebe;Schiller;0;Philipp Reclam, Jun Verlag GmbH
178;Der illustrierte Mann. Erz√?¬§hlungen.;Ray Bradbury;2002;Diogenes
179;Der K√?¬∂nig in Gelb.;Raymond Chandler;1980;Diogenes Verlag
180;Fahrenheit 451;Ray Bradbury;1994;Distribooks Inc
181;Die Mars- Chroniken. Roman in Erz√?¬§hlungen.;Ray Bradbury;1981;Diogenes Verlag
182;Das B√?¬∂se kommt auf leisen Sohlen.;Ray Bradbury;2003;Diogenes
183;L√?¬∂wenzahnwein. Roman.;Ray Bradbury;1999;Diogenes Verlag
184;Das Kind von morgen. Erz√?¬§hlungen.;Ray Bradbury;2000;Diogenes Verlag
185;Die Mechanismen der Freude. Erz√?¬§hlungen.;Ray Bradbury;2000;Diogenes Verlag
186;Familientreffen. Erz√?¬§hlungen.;Ray Bradbury;2000;Diogenes Verlag
187;Der Tod kommt schnell in Mexico. Erz√?¬§hlungen.;Ray Bradbury;1988;Diogenes Verlag
188;Veronika Deschliesst Zu Sterben / Vernika Decides to Die;Paolo Coelho;2002;Distribooks
189;Die Liebe in Den Zelten;Gabriel Garcia Marquez;0;Deutscher Taschenbuch Verlag (DTV)
190;Die Klone der Joanna May. Roman.;Fay Weldon;1993;Dtv
191;Ist mein Hintern wirklich so dick? Tagebuch einer empfindsamen Frau.;Arabella Weir;1998;Dtv
192;Haifischfrauen.;Kiana Davenport;1996;Droemersche Verlagsanstalt Th. Knaur Nachf., GmbH  Co.
193;Die Cappuccino- Jahre. Aus dem Tagebuch des Adrian Mole.;Sue Townsend;2002;Heyne
194;Schwarzer Tee mit drei St√ºck Zucker;Renan Demirkan;1991;Kiepenheuer  Witsch
195;Quersch√?¬ºsse - Downsize This!;Michael Moore;2003;Piper
196;Die Korrekturen.;Jonathan Franzen;2002;Rowohlt, Reinbek
197;Neun Erz√?¬§hlungen.;Jerome D. Salinger;1968;Rowohlt Tb.
198;Hebt den Dachbalken hoch, Zimmerleute / Seymour wird vorgestellt.;Jerome D. Salinger;1998;Rowohlt Tb.
199;Ulysses (√?¬?bersetzg. Wollschl√?¬§ger). ( Neue Folge, 100).;James Joyce;1981;Suhrkamp
200;Eine ganz normale Aff√?¬§re.;Joanna Trollope;2002;Ullstein Tb
201;Das Intimleben des Adrian Mole, 13 3/4 Jahre. cbt. ( Ab 14 J.).;Sue Townsend;2002;Bertelsmann, M√?¬ºnchen
202;Das Buch der l√?¬§cherlichen Liebe.;Milan Kundera;2000;Fischer (Tb.), Frankfurt
203;The God of Small Things;Arundhati Roy;1998;Perennial
204;The James Dean Affair: A Neil Gulliver  Stevie Marriner Novel;Robert S. Levinson;2000;St Martins Pr
205;The Big Bad Wolf: A Novel;James Patterson;2003;Little, Brown
206;Four Blind Mice;James Patterson;2002;Little, Brown
207;Private Screening;Richard North Patterson;1994;Ballantine Books
208;Congo;Michael Crichton;1995;Ballantine Books
209;Protect and Defend;Richard North Patterson;2001;Ballantine Books
210;The Tall Pine Polka;Lorna Landvik;1999;Ballantine Books
211;Memoirs of a Geisha;Arthur Golden;1997;Alfred A. Knopf
212;Plainsong (Vintage Contemporaries);KENT HARUF;2000;Vintage
213;Body of Evidence (Kay Scarpetta Mysteries (Paperback));Patricia D. Cornwell;1992;Avon
214;All That Remains (Kay Scarpetta Mysteries (Paperback));Patricia D. Cornwell;1993;Avon
215;The Case of the Lost Look-Alike (An Avon Camelot Book);Carol J. Farley;1988;Avon Books
216;Petals on the River;Kathleen E. Woodiwiss;1997;Avon Trade
217;The Elusive Flame;Kathleen E. Woodiwiss;1999;Avon
218;Legacy of Silence;Belva Plain;1998;Bantam Dell Pub Group
219;The Brethren;JOHN GRISHAM;2000;Doubleday
220;The King of Torts;John Grisham;2003;Doubleday Books
221;The Curious Incident of the Dog in the Night-Time : A Novel;MARK HADDON;2003;Doubleday
222;Bleachers;John Grisham;2003;Doubleday
223;Sisterhood of the Traveling Pants;ANN BRASHARES;2003;Delacorte Books for Young Readers
224;Only Love (Magical Love);Erich Segal;1998;Berkley Publishing Group
225;All or Nothing (Wheeler Large Print Books);Elizabeth Adler;2000;Island
226;Roses Are Red (Alex Cross Novels);James Patterson;2001;Warner Vision
227;The Rescue;Nicholas Sparks;2001;Warner Books
228;Manhattan Hunt Club;JOHN SAUL;2002;Ballantine Books
229;Patty Jane's House of Curl (Ballantine Reader's Circle);LORNA LANDVIK;1996;Ballantine Books
230;Pet Sematary;Stephen King;1994;Signet Book
231;Silent Snow;Steve Thayer;2000;Signet Book
232;Girl with a Pearl Earring;Tracy Chevalier;2001;Plume Books
233;Summer of Storms;Judith Kelman;2002;Jove Books
234;The Patient;Michael Palmer;2001;Bantam Books
235;Demona's Revenge (Gargoyles, No. 2);Francine Hughes;1995;Scholastic
236;Clifford's Sports Day;Norman Bridwell;1996;Scholastic
237;Postmortem (Kay Scarpetta Mysteries (Paperback));Patricia Cornwell;1998;Pocket
238;Deception Point;Dan Brown;2002;Pocket
239;Tis : A Memoir;Frank McCourt;1999;Scribner
240;Angels  Demons;Dan Brown;2003;Atria
241;A Monk Swimming;Malachy McCourt;1998;Hyperion
242;Crazy Horse;Mari Sandoz;1961;University of Nebraska Press
243;The Silent Cry (William Monk Novels (Paperback));Anne Perry;1998;Ivy Books
244;The Kalahari Typing School for Men (No. 1 Ladies' Detective Agency);ALEXANDER MCCALL SMITH;2004;Anchor
245;Chicken Soup for the Soul (Chicken Soup for the Soul);Jack Canfield;1993;Health Communications
246;Wicked: The Life and Times of the Wicked Witch of the West;Gregory Maguire;1996;Regan Books
247;Life of Pi;Yann Martel;2002;Harcourt
248;A Judgement in Stone;Ruth Rendell;2000;Vintage Books USA
249;Lies and the Lying Liars Who Tell Them: A Fair and Balanced Look at the Right;Al Franken;2003;Dutton Books
250;Secret History;DONNA TARTT;1993;Ballantine Books
251;Chicken Soup for the Woman's Soul (Chicken Soup for the Soul Series (Paper));Jack Canfield;1996;Health Communications
252;Great Expectations (Heinemann Guided Readers);John Milne;1995;Delta Systems
253;The Weight of Water;Anita Shreve;2001;Little, Brown
254;Moving Pictures (Discworld Novels (Paperback));Terry Pratchett;2002;HarperTorch
255;Night Watch;Terry Pratchett;2002;HarperCollins
256;Thief of Time;Terry Pratchett;2001;HarperCollins Publishers
257;Charlotte's Web Book and Charm (Charming Classics);E. B. White;2003;HarperFestival
258;Peter Pan: The Original Story (Peter Pan);J. M. Barrie;2003;HarperFestival
259;My Friend Flicka;Mary O'Hara;1988;Perennial
260;The Last Hero : A Discworld Fable (Discworld Novels (Hardcover));Terry Pratchett;2001;HarperCollins
261;Jingo: A Discworld Novel (Discworld Series/Terry Pratchett);Terry Pratchett;1998;HarperPrism
262;Maskerade: A Novel of Discworld (Pratchett, Terry. Discworld Series (New York, N.Y.).);Terry Pratchett;1997;HarperPrism
263;Interesting Times: A Novel of Discworld;Terry Pratchett;1997;Harpercollins
264;On the Bright Side, I'm Now the Girlfriend of a Sex God: Further Confessions of Georgia Nicolson;Louise Rennison;2002;HarperTempest
265;Mansfield Park (Penguin Popular Classics);Jane Austen;1994;Penguin Books Ltd
266;The Wind in the Willows;Kenneth Grahame;1996;St. Martin's Press
267;The Winter King: A Novel of Arthur (The Warlord Chronicles: I);Bernard Cornwell;1997;St. Martin's Griffin
268;Moonheart (Newford);Charles de Lint;1994;Orb Books
269;The King of Elfland's Daughter (Del Rey Impact);Edward John Moreton Drax Plunkett Dunsany;1999;Del Rey Books
270;Powder and Patch;Georgette Heyer;2004;Harlequin
271;The Picture of Dorian Gray (Modern Library (Paperback));OSCAR WILDE;1998;Modern Library
272;The Iron Giant;Ted Hughes;1999;Knopf Books for Young Readers
273;James and the Giant Peach;ROALD DAHL;2002;Knopf Books for Young Readers
274;The Amber Spyglass (His Dark Materials, Book 3);PHILIP PULLMAN;2002;Knopf Books for Young Readers
275;The Golden Compass (His Dark Materials, Book 1);PHILIP PULLMAN;2002;Knopf Books for Young Readers
276;The Subtle Knife (His Dark Materials, Book 2);PHILIP PULLMAN;2002;Knopf Books for Young Readers
277;The Adrian Mole Diaries : The Secret Diary of Adrian Mole, Aged 13 3/4 : The Growing Pains of Adrian Mole;Sue Townsend;1997;Perennial
278;Martian Chronicles;Ray Bradbury;1997;William Morrow
279;The Great God Pan;Donna Jo Napoli;2003;Wendy Lamb Books
280;Possession: A Romance;A. S. Byatt;1990;Random House Inc
281;Born Confused;Tanuja Desai Hidier;2003;Push
282;Confessions of a Shopaholic;SOPHIE KINSELLA;2003;Dell
283;Making Minty Malone;Isabel Wolff;2000;Onyx Books
284;Little Women (Signet Classic);Louisa May Alcott;1988;Signet Classics
285;Emma (Signet Classics (Paperback));Jane Austen;1996;Signet Classics
286;Animal Farm;George Orwell;2004;Signet
287;Great Expectations (Dover Thrift Editions);Charles Dickens;2001;Dover Publications
288;Eva Luna;Isabel Allende;1989;Bantam Books
289;Poisonwood Bible Edition Uk;Barbara Kingsolver;0;Faber Faber Inc
290;The Green Man : Tales from the Mythic Forest;Ellen Datlow;2002;Viking Juvenile
291;Nicholas Nickleby (Everyman's Library);Charles Dickens;1993;Alfred A. Knopf
292;Angels  Insects : Two Novellas;A.S. BYATT;1994;Vintage
293;Catch 22;Joseph Heller;1996;Simon  Schuster
294;The Forsyte Saga : The Man of Property and In Chancery;John Galsworthy;2002;Touchstone
295;The Enchanted Wood;Enid Blyton;2002;Egmont Childrens Books
296;The Folk of the Faraway Tree;Enid Blyton;2002;Egmont Childrens Books
297;Angels and Visitations: A Miscellany;Neil Gaiman;1993;Dreamhaven Books
298;League of Extraordinary Gentlemen, Vol. 2 (Comic);Alan Moore;2003;DC Comics
299;Preludes and Nocturnes (Sandman, Book 1);Neil Gaiman;1998;DC Comics
300;The League of Extraordinary Gentlemen, Vol. 1;Alan Moore;2002;DC Comics
301;Harlequin Valentine;Neil Gaiman;2002;Dark Horse Comics
302;Alpha Teach Yourself American Sign Language in 24 Hours (Alpha Teach Yourself in 24 Hours);Trudy Suggs;2003;Alpha Books
303;A Man in Full;Tom Wolfe;1998;Farrar Straus  Giroux
304;The Miracle Life of Edgar Mint: A Novel;Brady Udall;2002;Vintage Books USA
305;October Sky: A Memoir;Homer Hickam;1999;Dell
306;A Painted House;John Grisham;2001;Dell Publishing Company
307;The Romance Reader;Pearl Abraham;1996;Riverhead Books
308;Far from the Madding Crowd (Wordsworth Classics);Thomas Hardy;1997;NTC/Contemporary Publishing Company
309;The Perfect Storm : A True Story of Men Against the Sea;Sebastian Junger;1999;Perennial
310;The Battle for God;Karen Armstrong;2001;Ballantine Books
311;Sappho: A New Translation;Mary Barnard;1958;University of California Press
312;The Postman (Bantam Classics);David Brin;1990;Spectra Books
313;The Tortilla Curtain;T. Coraghessan Boyle;1995;Viking Books
314;Symposium;Paul Woodruff;1989;Hackett Pub Co Inc
315;The What's Happening to My Body? Book for Boys: A Growing Up Guide for Parents and Sons;Lynda Madaras;1987;W W Norton  Co
316;OBJECT AFFECTION;Stephen McCauley;1988;Washington Square Press
317;The Journey Home;Isabelle Holland;1993;Scholastic Paperbacks (Mm)
318;Taking the Ferry Home;Pam Conrad;1990;Harpercollins Juvenile Books
319;Angel of Hope (Mercy Trilogy);Lurlene McDaniel;2000;Starfire
320;The Breach;Brian Kaufman;2002;Last Knight Pub Co
321;Neanderthal: A Novel;John Darnton;1997;St. Martin's Press
322;A Small Dark Place;Martin Schenk;1999;Ballantine Books
323;The Rivan Codex : Ancient Texts of THE BELGARIAD and THE MALLOREON;DAVID EDDINGS;1999;Del Rey
324;Babyhood;Paul Reiser;1998;Avon
325;Year's Best Fantasy (Year's Best Fantasy);David G. Hartwell;2001;Eos
326;Dave Barry in Cyberspace;Dave Barry;1997;Ballantine Books
327;Wolf Moon;John R. Holt;1997;Bantam
328;The War in Heaven (Eternal Warriors);Theodore Beale;2000;Pocket
329;Waiting;Frank M. Robinson;2000;Tor Books
330;Nowhere To Run;Mary Jane Clark;2004;St. Martin's Paperbacks
331;Frankenstein (Dover Thrift Editions);Mary Wollstonecraft Shelley;1994;Dover Publications
332;El gust amarg de la cervesa (Collecci√≥ Cl√†ssica);Isabel-Clara Sim√≥;1999;Columna
333;Urn Burial;Robert Westall;1987;Viking Children's Books
334;All Our Yesterdays (Large Print);Robert B. Parker;1994;Delacorte Press
335;What Shall I Be (Barbie Carryalong);Rita Chapman Works;1999;Reader's Digest
336;ALL THAT REMAINS;Patricia Cornwell;1992;Scribner
337;Last Chance to See;Douglas Adams;1992;Ballantine Books
338;Vinegar Hill (Oprah's Book Club (Paperback));A. Manette Ansay;1998;Perennial
339;Affinity;Sarah Waters;2002;Riverhead Books
340;Diario de Ana Frank;Anne Frank;2000;Editores Mexicanos Unidos, S.A.
341;Desert Notes/River Notes;Barry Lopez;1990;Quill (HarperCollins)
342;The Best Democracy Money Can Buy: The Truth About Corporate Cons, Globalization and High-Finance Fraudsters;Greg Palast;2003;Plume Books
343;The Hunt for Red October;Tom Clancy;1990;Berkley Publishing Group
344;The Music Box;Andrea Kane;1998;Pocket
345;Liberty Falling (Anna Pigeon Mysteries (Paperback));Nevada Barr;2000;Avon
346;El Palacio de La Luna;Paul Auster;1996;Anagrama
347;Mientras Escribo;Stephen King;2002;Distribooks
348;Killer Market (Deborah Knott Mysteries (Paperback));Margaret Maron;1999;Warner Books
349;Remembering Peter Gzowski : A Book of Tributes;EDNA BARKER;2002;Douglas Gibson Books
350;The Best Canadian Animal Stories: Classic Tales by Master Storytellers;Muriel Whitaker;1997;McClelland  Stewart
351;Trying to Save Piggy Sneed;John Irving;1996;Arcade Publishing
352;Herr Der Fliegen (Fiction, Poetry and Drama);Golding;0;Fischer Taschenbuch Verlag GmbH
353;Seattle Access;HarperReference;1993;Access Press (HarperCollins)
354;REAL GUIDE: CALIFORNIA AND THE WEST COAST (The Real guides);LTD;1993;John Wiley  Sons Inc
355;Bel Canto;Ann Patchett;2001;HarperCollins Publishers
356;James and the Giant Peach;Roald Dahl;2000;Penguin USA (Paper)
357;The Secret Life of Bees;Sue Monk Kidd;2003;Penguin Books
358;What a Wonderful World: A Lifetime of Recordings;Bob Thiele;1995;Oxford University Press
359;Digital Fortress : A Thriller;Dan Brown;2003;St. Martin's Press
360;The Ladies of Missalonghi;Colleen McCullough;1988;Avon
361;Blackberry Wine : A Novel;Joanne Harris;2001;Perennial
362;The Firm;John Grisham;1991;Doubleday Books
363;How the Irish Saved Civilization: The Untold Story of Ireland's Heroic Role from the Fall of Rome to the Rise of Medieval Europe (Hinges of History);Thomas Cahill;1996;Anchor
364;The Client;John Grisham;1993;Doubleday Books
365;Thieves of Light (Photon : the Ultimate Game on Planet Earth);Michael Hudson;1987;Berkley Publishing Group
366;Horse Heaven (Ballantine Reader's Circle);Jane Smiley;2001;Ballantine Books
367;Danger;Dick Francis;1985;Fawcett Books
368;Proof;Dick Francis;1990;Fawcett Books
369;Heart of the Sea (Irish Trilogy);Nora Roberts;2000;Jove Books
370;Mostly Harmless;Douglas Adams;1992;Random House Inc
371;I Spy: A Book of Picture Riddles;Jean Marzollo;1992;Scholastic
372;I Spy Spooky Night: A Book of Picture Riddles (I Spy Books);Walter Wick;1996;Scholastic
373;Lake News;Barbara Delinsky;2000;Pocket
374;The SKULL BENEATH THE SKIN;P. D. James;1982;Scribner
375;NEW SHOE;Arthur William Upfield;1983;Scribner Paper Fiction
376;An Accidental Woman;Barbara Delinsky;2003;Pocket Books
377;The Snow Garden;Christopher Rice;2004;Pocket Star
378;The Doorbell Rang (The Best Mysteries of All Time);Rex Stout;2000;Readers Digest Assn
379;A Year by the Sea: Thoughts of an Unfinished Woman;Joan Anderson;2000;Broadway Books
380;Though I walk through the valley;Vance Havner;1974;F. H. Revell
381;Victorious Christians You Should Know;Warren W. Wiersbe;1984;Baker Book House
382;Life Lessons: Book Of Hebrews;Max Lucado;1997;W Publishing Group
383;Inside out;Lawrence J Crabb;1988;NavPress
384;Son Rise: The Miracle Continues;Barry Neil Kaufman;1994;Pub Group West
385;Unveiled at Last;Bob Sjogren;1988;YWAM Publishing
386;The Day I Almost Quit;Frederick J. Moody;1997;F.J. Moody
387;Serving As Senders: How to Care for Your Missionaries While They Are Preparing to Go, While They Are on the Field, When They Return Home;Neal Pirolo;1991;Emmaus Road Intl
388;House of Stairs;William Sleator;1991;Puffin Books
389;The Little Prince;Antoine de Saint-Exup√©ry;1968;Harcourt
390;Jonathan Livingston Seagull;Richard Bach;1976;Avon
391;The Crystal Handbook;Kevin Sullivan;1996;Signet Book
392;Simple Wicca (Simple Wisdom Book);Michele Morgan;2002;Castle Books
393;The Complete Book of Incense, Oils  Brews (Llewellyn's Practical Magick);Scott, Cunningham;1989;Llewellyn Publications
394;The Western Mysteries: An Encyclopedic Guide to the Sacred Languages  Magickal Systems of the World : The Key of It All, Book II (Key of It All);David Allen Hulse;2000;Llewellyn Publications
395;Astral Travel for Beginners (For Beginners);Richard Webster;1998;Llewellyn Publications
396;New Perspectives: Runes;Bernard King;2000;Harper Collins - UK
397;Rosie'S Walk;Pat Hutchins;1971;Aladdin
398;Julius Caesar (Oxford School Shakespeare);William Shakespeare;2001;Oxford University Press
399;Santa Brought A Son : Marrying The Boss's Daughter (Silhouette Romance, 1698);Melissa McClone;2003;Silhouette
400;Marry Me ... Again   Montana Mavericks (Silhouette Special Edition, 1558);Cheryl St. John;2003;Silhouette
401;Alice's Adventures in Wonderland and Through the Looking Glass;Lewis Carroll;2000;Signet Classics
402;Moonlight Becomes You;Mary Higgins Clark;1997;Pocket
403;The Adventures of Tom Sawyer;Mark Twain;1989;Tor Books
404;Divine Secrets of the Ya-Ya Sisterhood : A Novel;Rebecca Wells;1996;HarperCollins
405;Lakota Woman;Dog Mary Crow;1991;Perennial
406;The Perfect Storm : A True Story of Men Against the Sea;Sebastian Junger;1998;HarperTorch
407;Heroes of Their Own Lives: The Politics and History of Family Violence, Boston 1880-1960;Linda Gordon;1989;Penguin USA
408;The Florence King Reader;Florence King;1996;St. Martin's Press
409;The Lovely Bones: A Novel;Alice Sebold;2002;Little, Brown
410;Impossible Vacation;Spalding Gray;1992;Random House Inc
411;Hannibal;Thomas Harris;2000;Dell Publishing Company
412;London : The Novel;EDWARD RUTHERFURD;1998;Fawcett
413;Life Before Man;Margaret Atwood;1990;Fawcett Books
414;Cavedweller;Dorothy Allison;1999;Plume Books
415;The Robber Bride;Margaret Atwood;1995;Bantam
416;Wouldn't Take Nothing for My Journey Now;MAYA ANGELOU;1993;Random House
417;The House of Mirth (Library of America);Edith Wharton;1990;Vintage Books USA
418;Ohitika Woman;Mary Brave Bird;1993;Pub Group West
419;Black Elk Speaks: Being the Life Story of a Holy Man of the Oglala Sioux;John G. Neihardt;1988;University of Nebraska Press
420;The Community in America;Roland Warren;1987;University Press of America
421;The Best in Tent Camping: Smoky Mountains : A Guide for Campers Who Hate Rvs, Concrete Slabs, and Loud Portable Stereos (Best in Tent Camping Colorado);Johnny Molloy;1997;Globe Pequot Pr
422;Mawrdew Czgowchwz (New York Review Books Classics);James McCourt;2002;New York Review of Books
423;Prozac Nation: Young and Depressed in America : A Memoir;Elizabeth Wurtzel;1997;Riverhead Books
424;The Journey From Here;Bill Bradley;2000;Artisan Publishers
425;The Four Agreements: A Practical Guide to Personal Freedom;Don Miguel Ruiz;1997;Amber-Allen Publishing
426;El desarrollo de Leonardo da Vinci (Biograf√≠as y memorias);Luis Racionero;1986;Plaza  Jan√©s
427;Gastronomia divina (L'√°ncora);Eugeni Perea Sim√≥n;1994;Destino
428;Desaparecido: LA Autentica Historia De LA Ejecucion De Charles Horman;Thomas Hauser;1982;Lectorum Pubns (J)
429;Hotel Europa (El Balanc√≠);Vicen√ß Villatoro;1992;Edicions 62
430;La dona dels ulls de pluja: Barcelona anys 90 (El Balanc√≠);V√≠ctor Mora;1993;Edicions 62
431;El para√≠so (Tiempos modernos);Elena Castedo;1991;Editiones B, Grupo Zeta
432;Negra i consentida (Col¬®lecci√≥ El Mirall);Of√®lia Dracs;1983;Laia
433;Essa efa (Col¬®lecci√≥ El Mirall i el temps);Of√®lia Dracs;1985;Editorial Laia
434;Espurnes de sang (La Negra);Antoni Serra;1987;Edicions de la Magrana
435;Les lleng√ºes d'Africa (Biblioteca universal Emp√∫ries);M. Carme Junyent;1986;Editorial Emp√∫ries
436;Tr√†nsit (Area contempor√†nia);Jaume Cap√≥;1987;Area
437;L'home del sac;M√†rius Serra;1990;Columna
438;Gr√†cies per la propina (Columna);Ferran Torrent;1995;Columna
439;El dia que es va cremar el Liceu (La primera Columna);Joan Agut;1995;Columna
440;C√≥mo ser una mujer y no morir en el intento (Colecci√≥n El Papagayo);Carmen Rico-Godoy;1990;Ediciones Temas de Hoy
441;Una casa en Irlanda;Maeve Binchy;1999;Salamandra
442;La mirada del tafur (Col¬®lecci√≥ cl√†ssica);Ferran Torrent;1997;Columna
443;Amorrada al pil√≥ (Columna);Maria Ja√©n;1986;Columna
444;Blur (Melody Maker);Paul Lester;1995;Hal Leonard Corp
445;War and Peace (Wordsworth Classics);Leo Tolstoy;1997;NTC/Contemporary Publishing Company
446;A-Z of Behaving Badly;Simon Nye;1996;Trafalgar Square
447;He Understanding Masculine Psychology;Robert A Johnson;1977;Harpercollins Publisher
448;Las DOS Muertes De Gardel (Ficcionario);Horacio Vazquez-Rial;2002;Ediciones B
449;You Can Surf the Net: Your Guide to the World of the Internet;Marc Gascoigne;1996;Puffin Books
450;I Want to Be...a Veterinarian (I Want to Be... Series);Stephanie Maze;1997;Harcourt
451;Alice's Tulips;Sandra Dallas;2001;St. Martin's Griffin
452;Centaur Aisle;Piers Anthony;1982;Ballantine Books
453;Crewel Lye;Piers Anthony;1985;Ballantine Books
454;Dragonflight (Dragonriders of Pern Trilogy (Paperback));Anne McCaffrey;1991;Del Rey Books
455;Last Sword of Power (Stones of Power);David Gemmell;1997;Del Rey Books
456;Dating Big Bird;Laura Zigman;2000;Dial Books
457;The Firm;John Grisham;1992;Bantam Dell Publishing Group
458;Murder at the Kennedy Center (Capital Crime Mysteries);Margaret Truman;1990;Fawcett Books
459;Guinness World Records 2000 (Guinness Book of Records, 2000);Nic Kynaston;2000;Bantam Books
460;Forever Amber Brown (Amber Brown (Paperback));Paula Danziger;1997;Jump at the Sun
461;Philip Jose Farmer's The Dungeon;Richard A. Lupoff;2003;I Books
462;Pool of Radiance: The Ruins of Myth Drannor (Forgotten Realms);Carrie Bebris;2001;Wizards of the Coast
463;Feminism and Suffrage: The Emergence of an Independent Women's Movement in America, 1848-1869;Ellen Carol Dubois;1980;Cornell University Press
464;Why Are Boys So Weird (Tales from Third Grade);Candice F. Ransom;1993;Troll Communications Llc
465;Sheldon  Mrs. Levine: An Excruciating Correspondence;Sam Bobrick;1994;Price Stern Sloan
466;Black Beauty (Great Illustrated Classics (Playmore));Anna Sewell;2000;Playmore Inc. Publishers
467;Oliver Twist (Great Illustrated Classics);Charles Dickens;1989;Playmore Inc. Publishers
468;The wild ponies of Assateague Island (Books for young explorers);Donna K Grosvenor;1975;National Geographic Society
469;Frankenstein (Illustrated Classics Series);Mary Wollstonecraft Shelley;1992;Kidsbooks.Com
470;The Scarlet Letter;NATHANIEL HAWTHORNE;1965;Bantam
471;Dragonsong (Harper Hall Trilogy);Anne McCaffrey;1977;Bantam
472;The Watch House;Robert Westall;1998;HarperTrophy
473;Was It Something I Said?;Valerie Block;1998;Soho Press
474;Cloud Nine;Luanne Rice;2000;Bantam Books
475;The Lovely Bones;Alice Sebold;2004;Back Bay Books
476;The Tortilla Curtain;T. Coraghessan Boyle;1996;Penguin Books
477;Sarah Conley;Ellen Gilchrist;1998;Back Bay Books
478;A Widow for One Year;JOHN IRVING;1999;Ballantine Books
479;The Clearing;TIM GAUTREAUX;2003;Knopf
480;Empire Falls;Richard Russo;2002;Vintage Books USA
481;Oryx and Crake;Margaret Atwood;2003;Nan A. Talese
482;Sophie's World: A Novel About the History of Philosophy (Berkeley Signature Edition);Jostein Gaarder;1997;Berkley Publishing Group
483;Black and Blue;ANNA QUINDLEN;1999;Dell
484;Le Divorce (William Abrahams Book);Diane Johnson;1997;Plume Books
485;The Face;DEAN KOONTZ;2003;Bantam
486;She's Come Undone (Oprah's Book Club);Wally Lamb;1998;Pocket
487;Falling Leaves: The True Story of an Unwanted Chinese Daughter;Adeline Yen Mah;1999;Broadway Books
488;Nickel and Dimed: On (Not) Getting By in America;Barbara Ehrenreich;2002;Owl Books
489;The Game of Kings (Lymond Chronicles, 1);DOROTHY DUNNETT;1997;Vintage
490;RUSSIA HOUSE, THE;JOHN LE CARRE;1990;Bantam
491;Solv-A-Crime Puzzles (Dover Game and Puzzle Activity Books);A. C. Gordon;1995;Dover Publications
492;The First Wives Club Movie Tie In;Olivia Goldsmith;1996;Pocket
493;Selected Poems of Emily Dickinson;Emily Dickinson;1995;Tor Books
494;Watercolor School (Reader's Digest Learn-As-You-Go Guides);Hazel Harrison;1993;Readers Digest
495;Joshua In the Holy Land;Joseph Girzone;1993;Simon Schuster Trade
496;The Messenger;JOSEPH GIRZONE;2002;Image
497;Sisters of the Earth: Women's Prose and Poetry About Nature;Lorraine Anderson;1991;Vintage Books USA
498;Left Behind: A Novel of the Earth's Last Days (Left Behind No. 1);Tim Lahaye;1996;Tyndale House Publishers
499;Househusband;AD HUDLER;2002;Ballantine Books
500;Life Messages: Inspiration For The Woman's Spirit;Josephine Carlton;2002;Andrews McMeel Publishing
501;Letters from a Nut;Ted L. Nancy;1999;William Morrow
502;Karl Marx: A Life;Francis Wheen;2001;W.W. Norton  Company
503;The Shining;Stephen King;2001;Pocket
504;The Diary of Ellen Rimbauer: My Life at Rose Red;Joyce Reardon;2001;Hyperion
505;The Sky Is Falling;Sidney Sheldon;2001;Warner Books
506;Santa Pete : A Novel Of Christmas Present And Past;Christopher Moore;1998;Simon  Schuster
507;Mount Vernon Love Story : A Novel of George and Martha Washington;Mary Higgins Clark;2002;Simon  Schuster
508;The Kingdom: Arabia and the House of Sa'Ud;Robert Lacey;1983;Harper Mass Market Paperbacks (Mm)
509;Florida Road Kill: A Novel;Tim Dorsey;2000;HarperTorch
510;The 37th Hour;JODI COMPTON;2003;Delacorte Press
511;Be Cool;Elmore Leonard;2000;Dell Publishing Company
512;The Hunted;Elmore Leonard;1986;Warner Books (Mm)
513;The Saints of Big Harbour: A Novel;Lynn Coady;2002;Houghton Mifflin Company
514;Old Flames;John Lawton;2003;Atlantic Monthly Press
515;From the Earth: Chinese Vegetarian Cooking;Eileen Yin-Fei Lo;1995;MacMillan Publishing Company.
516;Living in the Presence: Disciplines for the Spiritual Heart;Tilden H. Edwards;1988;Harpercollins
517;The Bean Trees;Barbara Kingsolver;1989;Perennial
518;Homeland and Other Stories;Barbara Kingsolver;1990;Perennial
519;A Suitable Boy : Novel, A;Vikram Seth;1994;Perennial
520;Daughter of Fortune;Isabel Allende;2000;Perennial
521;The Fly on the Wall;Tony Hillerman;1990;HarperTorch
522;Cranford (The World's Classics);Elizabeth Gaskell;1982;Oxford University Press
523;The Red Tent (Bestselling Backlist);Anita Diamant;1998;Picador USA
524;The Right Hand of Amon;Lauren Haney;1997;Avon
525;Last Blue: Poems;Gerald Stern;2000;W.W. Norton  Company
526;The Cat Who Wasn't There;Lilian Jackson Braun;1992;Putnam Pub Group
527;Isle of Dogs;Patricia Daniels Cornwell;2001;Putnam Publishing Group
528;Light a Penny Candle;Maeve Binchy;2001;Signet Book
529;The Blue Last: A Richard Jury Mystery (Richard Jury Mysteries (Paperback));Martha Grimes;2002;Onyx Books
530;Turn of the Screw and Short N;Henry James;1978;Signet Book
531;The Country of the Pointed Firs (Dover Thrift Editions);Sarah Orne Jewett;1994;Dover Publications
532;Early Poems (Dover Thrift Editions);William Carlos Williams;1997;Dover Publications
533;Barchester Towers (Oxford Pocket Classics);Anthony Trollope;1986;Random House Value Publishing
534;REEF;Edith Wharton;1996;Scribner
535;Wednesday the Rabbi Got Wet;Harry Kemelman;2003;I Books
536;Things My Girlfriend and I Have Argued About: A Novel;Mil Millington;2003;Villard Books
537;Listening Hearts: Discerning Call in Community;Suzanne G. Farnham;1991;Morehouse Group
538;Unattainable Earth;Czeslaw Milosz;1987;Ecco Press
539;The Practice of Prayer (New Church's Teaching Series, Vol 4);Margaret Guenther;1998;Cowley Publications
540;Vertical Poetry: Recent Poems;Roberto Juarroz;1992;White Pine Press (NY)
541;Rubinstein's Chess Masterpieces;Akiba Rubinstein;1941;Dover Publications
542;The Nanny Diaries: A Novel;Emma McLaughlin;2002;St. Martin's Press
543;Biblioteca Universale Rizzoli: Sulla Sponda Del Fiume Piedra;P Coelho;0;Fabbri - RCS Libri
544;I Giorni Dell'abbandono;Elena Ferrante;2002;Edizioni E/O
545;The Gizmo;Paul Jennings;1995;Puffin
546;The Last Best Hope of Earth: Abraham Lincoln and the Promise of America;Mark E., Jr. Neely;1993;Harvard University Press
547;Organic Chemistry (Saunders Golden Sunburst Series);Stephen J. Weininger;1994;Saunders College Publishing
548;Secrets of St. John's Wort: A Lynn Sonberg Book;Larry Katzenstein;1998;St. Martin's Press
549;Diet for a Poisoned Planet: How to Choose Safe Foods for You and Your Family;David Steinman;1992;Ballantine Books
550;Punished by Rewards: The Trouble With Gold Stars, Incentive Plans, A'S, Praise, and Other Bribes;Alfie Kohn;1995;Houghton Mifflin
551;Montessori Today: A Comprehensive Approach to Education from Birth to Adulthood;Paula Polk Lillard;1996;Schocken Books
552;Oil Painting Techniques (Artist's Painting Library);David Lewis;1983;Watson-Guptill Publications
553;Going down swinging;Billie Livingston;1999;Random House Canada
554;Confessions of a Sociopathic Social Climber : The Katya Livingston Chronicles (Katya Livingston Chronicles (Hardcover));Adele Lang;2002;Thomas Dunne Books
555;Like a Hole in the Head;Jen Banbury;1998;Little Brown  Co
556;Postmortem;Patricia Daniels Cornwell;1993;Harper Mass Market Paperbacks (Mm)
557;The Cove;Catherine Coulter;1996;Jove Books
558;An Inconvenient Woman;Dominick Dunne;1991;Bantam Books
559;Shock Wave (Dirk Pitt Adventures (Paperback));Clive Cussler;1996;Pocket
560;While My Pretty One Sleeps;Mary Higgins Clark;1990;Pocket
561;Antipodes 10;John Pascal;1995;Noble House
562;Kick Ass: Selected Columns of Carl Hiaasen;Carl Hiaasen;2001;Berkley Publishing Group
563;Everything Is Illuminated: A Novel;Jonathan Safran Foer;2002;Houghton Mifflin Company
564;Life of Pi;Yann Martel;2003;Harvest Books
565;Rules of the Wild;Francesca Marciano;1998;Random House Inc
566;Three Junes;JULIA GLASS;2003;Anchor
567;Back Roads;Tawni O'Dell;2001;Signet Book
568;In Her Shoes : A Novel;Jennifer Weiner;2002;Atria Books
569;The Kiss;Danielle Steel;2001;Delacorte Press
570;Home Spun: A Collection;Leon Hale;1997;Winedale Publishing
571;Sweet Hereafter Movie Tie-In : A Novel;Russell Banks;1992;Perennial
572;The Rime of the Ancient Mariner and Other Poems;Samuel Taylor Coleridge;1992;Dover Publications
573;11th Hour;Bradley Warshauer;2003;Pinnacle Books
574;In Country RI;Bobbie Ann Mason;1986;Perennial
575;Brazen Virtue;Nora Roberts;1996;Bantam Books
576;Ghost Moon;Karen Robards;2001;Dell Publishing Company
577;Brewing Up a Storm: A John Thatcher Mystery;Emma Lathen;1996;St Martins Pr
578;Strangers;Dean R. Koontz;2002;Berkley Publishing Group
579;Milk and Honey (Peter Decker/Rina Lazarus Novels);Faye Kellerman;2002;Avon
580;The Deep End of the Ocean (Oprah's Book Club);Jacquelyn Mitchard;1999;Penguin Books
581;Night Tales;Nora Roberts;2000;Silhouette
582;A Thousand Acres (Ballantine Reader's Circle);JANE SMILEY;1992;Ballantine Books
583;Chopping Spree;DIANE MOTT DAVIDSON;2002;Bantam
584;Four Blondes;Candace Bushnell;2001;Grove Press
585;River's End;Nora Roberts;2003;Jove Books
586;Summer Island;KRISTIN HANNAH;2002;Ballantine Books
587;The Straw Men;Michael Marshall;2002;Jove Books
588;The Doctor the Patient: The Personal Journey of a Physician With Cancer;Allen Widome;1989;Editech Pr
589;The Street Lawyer;John Grisham;1998;Doubleday Books
590;The Chamber;John Grisham;1994;Doubleday Books
591;Warlock : A Novel of Ancient Egypt;Wilbur Smith;2002;St. Martin's Paperbacks
592;The Teacher from the Black Lagoon;Mike Thaler;1989;Scholastic
593;The Partner;John Grisham;1997;Doubleday Books
594;Primal Scream;Michael Slade;1998;Signet Book
595;Chosen Prey;John Sandford;2004;Berkley Publishing Group
596;Guilty as Sin;TAMI HOAG;1997;Bantam
597;Night Sins;TAMI HOAG;1995;Bantam
598;The Second Time Around : A Novel;Mary Higgins Clark;2004;Pocket
599;Three;Ted Dekker;2003;WestBow Press
600;The Canopy;Angela Elwell Hunt;2003;WestBow Press
601;Blink;Ted Dekker;2003;WestBow Press
602;Last Battle;C. S. Lewis;1988;Scholastic Paperbacks (Mm)
603;Prince Caspian;C. S. Lewis;1970;MacMillan Publishing Company.
604;Robert's Rules of Order;William Eisner;1986;Bantam Books
605;Abduction;Robin Cook;2000;Berkley Publishing Group
606;And Never Let Her Go : Thomas Capano: The Deadly Seducer;Ann Rule;2000;Pocket
607;Not a Day Goes By : A Novel;E. LYNN HARRIS;2001;Anchor
608;Sun Signs;Linda Goodman;1981;Bantam Doubleday Dell
609;The Vampire Lestat (Vampire Chronicles, Book II);ANNE RICE;1986;Ballantine Books
610;The Mummy or Ramses the Damned;Anne Rice;1991;Ballantine Books
611;HIS LITTLE WOMEN : HIS LITTLE WOMEN;Judith Rossner;1991;Pocket
612;Her Mother's Daughter;Marilyn French;1990;Ballantine Books
613;Your Erroneous Zones;Wayne W. Dyer;1976;Harpercollins
614;The Night Listener;Armistead Maupin;2000;HarperCollins Publishers
615;Organizing from the Inside Out;Julie Morgenstern;1998;Henry Holt  Company
616;The Hellfire Club;Peter Straub;1996;Random House Inc
617;The Diary of Jack the Ripper/the Discovery, the Investigation, the Debate;Jack;1993;Hyperion Books
618;Vanished;Danielle Steel;1993;Delacorte Press
619;The Women in His Life (G K Hall Large Print Book Series);Barbara Taylor Bradford;1991;Thorndike Pr
620;The Morning After;Lisa Jackson;2004;Zebra Books
621;Missing Susan;SHARYN MCCRUMB;1992;Ballantine Books
622;Hiding in the Shadows (Shadows Trilogy (Paperback));Kay Hooper;2000;Bantam Books
623;Kitchen Privileges : A Memoir;Mary Higgins Clark;2002;Simon  Schuster
624;We Are Our Mothers' Daughters;Cokie Roberts;2000;Perennial
625;Horus's Horrible Day (First Graders from Mars);Shana Corey;2001;Scholastic
626;My Garden (Beginning Literacy);Jesse S. Ostrow;1994;Scholastic
627;101 Dalmatians;Justine Korman;1996;Golden Books Publishing Company
628;In the Dinosaur's Paw (Kids of the Polk Street School);PATRICIA REILLY GIFF;1987;Yearling
629;Ralph S. Mouse;Beverly Cleary;2000;Scholastic
630;The First Journey (Animorphs. Alternamorphs, 1);K. A. Applegate;1999;Apple Signature (Scholastic)
631;How Do Dinosaurs Learn to Read;Jane Yolen;2003;Scholastic, Inc.
632;My First Book about Space (Golden Look-Look Books (Paperback));Dinah L. Moche;1997;Golden Books
633;You Be the Jury #02;Marvin Miller;1989;Scholastic
634;Comic Characters;Craig Boldman;1983;Golden Books
635;The Time Machine (Troll Illustrated Classics);H. G. Wells;1992;Troll Communications Llc
636;I Like School (in My World Series);Bobbie Kalman;1985;Crabtree Publishing Company
637;Sacred Ground;Mercedes Lackey;1995;Tor Books
638;Burning Water (Burning Water);Mercedes Lackey;1992;Tor Books
639;The Tightrope Walker;Dorothy Gilman;1997;Fawcett Books
640;MoveOn's 50 Ways to Love Your Country: How to Find Your Political Voice and Become a Catalyst for Change;Moveon;2004;Inner Ocean Publishing
641;Children of the Night;Mercedes Lackey;1990;Tor Books
642;Rainbow the Stormy Life of Judy Garland;Christopher Finch;0;Ballantine Books
643;Cold Mountain (MTI) (Vintage Contemporaries);CHARLES FRAZIER;2003;Vintage
644;A Fountain Filled With Blood (A Rev. Clare Ferguson Mystery);Julia Spencer-Fleming;2004;St. Martin's Paperbacks
645;Out of the Deep I Cry : A Clare Fergusson/Russ Van Alstyne Mystery;Julia Spencer-Fleming;2004;St. Martin's Minotaur
646;Daisy Fay and the Miracle Man;Fannie Flagg;1992;Warner Books
647;Little House On the Prairie;Laura Ingall Wilder;0;Scholastic Inc
648;Angela's Ashes: A Memoir;Frank McCourt;1999;Scribner
649;The Next Accident;LISA GARDNER;2002;Bantam
650;Socks (Cleary Reissue);Beverly Cleary;1990;HarperTrophy
651;The Pet Shop Mystery (Boxcar Children Special (Paper), No 7);Gertrude Chandler Warner;1996;Albert Whitman  Company
652;In the Bleak Midwinter (A Rev. Clare Ferguson Mystery);Julia Spencer-Fleming;2003;St. Martin's Minotaur
653;The Amber Spyglass (His Dark Materials, Book 3);PHILIP PULLMAN;2001;Del Rey
654;The Subtle Knife (His Dark Materials, Book 2);PHILIP PULLMAN;1998;Del Rey
655;The Golden Compass (His Dark Materials, Book 1);PHILIP PULLMAN;1998;Knopf Books for Young Readers
656;Eyeshot;Lynn S. Hightower;1997;Harper Mass Market Paperbacks (Mm)
657;If Ever I Return, Pretty Peggy-O;Sharyn McCrumb;1991;Fawcett Books
658;The Rosewood Casket;Sharyn McCrumb;1997;Signet Book
659;The Amazing Mrs. Pollifax;Dorothy Gilman;1992;Fawcett Books
660;Fast Food Nation: The Dark Side of the All-American Meal;Eric Schlosser;2002;Perennial
661;The Unsung Hero;Suzanne Brockmann;2000;Ivy Books
662;Two Princesses of Bamarre, The;Gail Carson Levine;2004;Eos
663;Ella Enchanted (rack);Gail Carson Levine;2004;Avon
664;Passing for Thin : Losing Half My Weight and Finding My Self;FRANCES KUFFEL;2004;Broadway
665;Bloodlines (Dog Lover's Mysteries);Susan Conant;1994;Bantam Books
666;Kissing in Manhattan;DAVID SCHICKLER;2002;Delta
667;Echoes;Maeve Binchy;1989;Dell
668;Someone to Watch Over Me : A Novel;Judith McNaught;2003;Pocket
669;The Toynbee Convector;Ray Bradbury;1989;Spectra Books
670;One for the Money (Stephanie Plum Novels (Paperback));Janet Evanovich;1995;HarperTorch
671;The Bell Jar : A Novel (Perennial Classics);Sylvia Plath;2000;Perennial
672;A polar bear called Pingo;Ilona Koidahl;1974;Childrens Press
673;Dark Lady;Richard North Patterson;1999;Alfred A. Knopf
674;The Future Scrolls;Fern Michaels;2003;Zebra Books
675;About Face;Fern Michaels;2003;Zebra Books
676;Tarot Says Beware (A Herculeah Jones Mystery);Betsy Byars;1995;Viking Books
677;Globalhead;Bruce Sterling;1994;Spectra Books
678;Along Came a Spider (Alex Cross Novels);James Patterson;1993;Warner Books
679;Simple Abundance:  A Daybook of Comfort and Joy;Sarah Ban Breathnach;1995;Warner Books
680;The River King;Alice Hoffman;2001;Berkley Publishing Group
681;Final Appeal;Lisa Scottoline;1994;HarperTorch
682;Who Moved My Cheese? An Amazing Way to Deal with Change in Your Work and in Your Life;Spencer Johnson;1998;Putnam Pub Group (Paper)
683;Atonement;Ian McEwan;2002;Nan A. Talese
684;Why Do Clocks Run Clockwise? and Other Imponderables: Mysteries of Everyday Life Explained;David Feldman;1987;Harpercollins
685;Someone to Watch Over Me : Stories;Richard Bausch;2000;Perennial
686;Stately Pursuits;Katie Fforde;1999;Griffin Trade Paperback
687;The Pinball Effect: How Renaissance Water Gardens Made the Carburetor Possible-And Other Journeys Through Knowledge (Pinball Effect);James Burke;1996;Little Brown  Co
688;My Father, Dancing (Harvest Book);Bliss Broyard;2000;Harvest Books
689;Women on the Case;Sara Paretsky;1996;Bantam Dell Pub Group
690;New Cardiff;Charles Webb;2002;Washington Square Press
691;Almost: A Novel;Elizabeth Benedict;2002;Mariner Books
692;A Tally of Types: With Additions by Several Hands  And With a New Introduction by Mike Parker;Stanley Morison;1999;David R. Godine Publisher
693;Stand Still Like the Hummingbird;Henry Miller;1962;New Directions Publishing Corporation
694;Crossing the Unknown Sea: Work As a Pilgrimage of Identity;David Whyte;2002;Riverhead Books
695;The Future of Leadership: Today's Top Leadership Thinkers Speak to Tomorrow's Leaders;Warren  Bennis;2001;Jossey-Bass
696;Expecting Adam: A True Story of Birth, Rebirth, and Everyday Magic;Martha Beck;2000;Berkley Publishing Group
697;No Future Without Forgiveness;Desmond Mpilo Tutu;2000;Image
698;A Call to Conscience : The Landmark Speeches of Dr. Martin Luther King, Jr.;Kris Shepard;2001;Warner Books
699;On the Road (Penguin 20th Century Classics);Jack Kerouac;1998;Penguin USA (Paper)
700;I And Thou;Martin Buber;1971;Free Press
701;The Prince (Dover Thrift Editions);Niccol√≤ Machiavelli;1992;Dover Publications
702;Sarajevo, maybe (Anni Novanta/Feltrinelli);Gianfranco Bettin;1994;Feltrinelli
703;Becoming a Man : Half a Life Story;Paul Monette;1993;HarperSanFrancisco
704;OLD MAN AND THE SEA;Ernest Hemingway;1995;Scribner
705;Diary of a Teenage Girl - Becoming Me : Diary Number 1 (Diary of a Teenage Girl);Melody Carlson;2000;Multnomah
706;The Dominant Blonde;Alisa Kwitney;2002;Avon Trade
707;Where the Heart Is (Oprah's Book Club (Paperback));Billie Letts;1998;Warner Books
708;The Girls' Guide to Hunting and Fishing;Melissa Bank;2000;Penguin Books
709;Rena's Promise: A Story of Sisters in Auschwitz;Rena Kornreich Gelissen;1996;Beacon Press
710;America the Beautiful: A Novel;Moon Unit Zappa;2001;Touchstone
711;Easy Travel to Other Planets;Ted Mooney;1982;Ballantine Books
712;The Mist and the Magic (Harper Monogram);Susan Wiggs;1993;Harper Mass Market Paperbacks
713;Icy Sparks;Gwyn Hyman Rubio;2001;Penguin Books
714;The True and Outstanding Adventures of the Hunt Sisters: A Novel;Elisabeth Robinson;2004;Little, Brown
715;The Time Traveler's Wife;Audrey Niffenegger;2003;MacAdam/Cage Publishing
716;Strange Fits of Passion: A Novel;Anita Shreve;1999;Harvest Books
717;The Monk Downstairs: A Novel;Tim Farrington;2002;HarperSanFrancisco
718;Lost in Place: Growing Up Absurd in Suburbia;Mark Salzman;1996;Vintage Books USA
719;My Name Is Asher Lev;Chaim Potok;1996;Ballantine Books
720;Waking the Dead;Scott Spencer;2000;Berkley Publishing Group
721;Davita's Harp;Chaim Potok;1990;Fawcett Books
722;The Book of Lights;Chaim Potok;1997;Fawcett Books
723;The Mimic Men;V. S. Naipaul;1992;Penguin USA
724;The Mystic Masseur;V.S. Naipaul;1993;Penguin USA
725;Regain;Jean Giono;1987;LGF
726;Le Grand Meaulnes (Classiques De Poche);Alain-Fournier;2000;Distribooks Inc
727;A l'Ouest rien de nouveau;Erich Maria Remarque;1973;LGF
728;Pourquoi j'ai mang√?¬© mon p√?¬®re;Lewis;2000;Pocket
729;Ravage;Rene Barjavel;0;Gallimard French
730;Voyage d'une parisienne √?¬† Lhassa;Alexandra David-N√?¬©el;1989;Pocket
731;Les Fleurs Du Mal;C. Baudelaire;1972;Livre De Poche French
732;Chroniques martiennes;Ray Bradbury;2002;Gallimard
733;Le Diable Au Corps;Raymond Radiguet;0;Presses Pocket French
734;La Faute de l'abb√?¬© Mouret;Emile Zola;1991;Gallimard
735;L'Homme Qui Plantait Des Arbres;Jean Giono;2002;Distribooks Inc
736;La Guerre Des Boutons;Pergaud;0;Livre de Poche
737;Paroles de Poilus : Lettres et carnets du front 1914-1918;Collectif;2001;J'ai lu
738;Une porte sur l'√?¬©t√?¬©;Robert A. Heinlein;1999;J'ai lu
739;Die Entdeckung der Langsamkeit.;Sten Nadolny;1987;Piper
740;Die Grenzen des Geschlechts: Anleitungen zum Sturz des internationalen Patriarchats : Amnesty for Women (Rororo Sachbuch);Cheryl Benard;1984;Rowohlt
741;Frauen der Welt: Vom Fortschritt der Ungleichheit;Christa Wichterich;1995;Lamuv
742;I Ging. Das Buch der Wandlung. Das gro√?¬?e Weisheits- und Orakelbuch der alten Chinesen.;John. Blofeld;1999;O. W. Barth Bei Scherz
743;African Women: Their Struggle for Economic Independence;Christine Obbo;1980;Palgrave-Macmillan
744;Die globalisierte Frau: Berichte aus der Zukunft der Ungleichheit (Frauen aktuell);Christa Wichterich;1998;Rowohlt
745;Women are the Niggers of the World: √ºber Frauen, Herrenmenschen und Nietzsches Peitsche (AtV Dokument und Essay);Peter B Heim;1994;Aufbau Taschenbuch Verlag
746;Sense and Sensibility (Penguin Popular Classics);Jane Austen;1994;Penguin Books Ltd
747;Der gemietete Mann.;Hera Lind;1999;Fischer (Tb.), Frankfurt
748;Der Gott der kleinen Dinge.;Arundhati Roy;1999;btb
749;The Da Vinci Code;Dan Brown;2003;Doubleday
750;The Rescue;Nicholas Sparks;2000;Warner Books
751;A Map of the World;Jane Hamilton;1999;Doubleday Books
752;Edge of Danger;Jack Higgins;2001;Putnam Publishing Group
753;Bridget Jones : The Edge of Reason;Helen Fielding;2000;Viking Books
754;Vinegar Hill (Oprah's Book Club (Hardcover));A. Manette Ansay;1999;HarperCollins
755;The Pilot's Wife : A Novel Tag: Author of the Weight of Water (Oprah's Book Club (Hardcover));Anita Shreve;1999;Little, Brown
756;Saving Private Ryan: A Novel;Max Allan Collins;1998;Signet Book
757;Big Trouble;Dave Barry;2002;Berkley Publishing Group
758;Snow Falling on Cedars;David Guterson;1994;Harcourt
759;Skipping Christmas;JOHN GRISHAM;2001;Doubleday
760;The Reader;Bernhard Schlink;1997;Random House
761;Cheaters;Eric Jerome Dickey;1999;Dutton Books
762;Angel Falls;KRISTIN HANNAH;2000;Crown
763;The Saving Graces : A Novel;Patricia Gaffney;1999;HarperCollins
764;Daddy's Little Girl;Mary Higgins Clark;2002;Simon  Schuster
765;The Vineyard : A Novel;Barbara Delinsky;2000;Simon  Schuster
766;The Looking Glass : A Novel (The Locket Series);Richard Paul Evans;1999;Simon  Schuster
767;If Only It Were True;Marc Levy;2000;Atria
768;Dear Stranger, Dearest Friend;Laney Katz Becker;2000;William Morrow  Company
769;The Cider House Rules: A Novel (Modern Library);John Irving;1999;Modern Library
770;Lolita (Everyman's Library (Cloth));VLADIMIR NABOKOV;1993;Everyman's Library
771;Message in a Bottle;Nicholas Sparks;1998;Warner Books
772;Blackbird: A Childhood Lost and Found;Jennifer Lauck;2000;Atria
773;Protect and Defend;Richard North Patterson;2000;Random House Inc
774;Blue Heaven (Contemporary American Fiction S.);Joe Keenan;1988;Penguin Books
775;Julie and Romeo;Jeanne Ray;2000;Harmony
776;The Guardian;Nicholas Sparks;2003;Warner Books
777;Nights in Rodanthe;Nicholas Sparks;2002;Warner Books
778;Man and Boy;Tony Parsons;2001;Sourcebooks Landmark
779;One Heart;Jane McCafferty;1999;HarperCollins Publishers
780;Like Water for Chocolate: A Novel in Monthly Installments, With Recipes, Romances, and Home Remedies;Laura Esquivel;1992;Doubleday Books
781;The Two Towers (The Lord of the Rings, Part 2);J.R.R. TOLKIEN;1986;Del Rey
782;All of Me: A Voluptuous Tale;Venise T. Berry;2000;Dutton Books
783;The Perfect Storm: A True Story of Men Against the Sea;Sebastian Junger;1997;Little Brown and Company
784;The Villa;Nora Roberts;2001;Putnam Publishing Group
785;In This Mountain;Jan Karon;2002;Viking Books
786;All the Pretty Horses (Border Trilogy, Vol 1);Cormac McCarthy;1992;Alfred A. Knopf
787;Suzanne's Diary for Nicholas;James Patterson;2001;Little, Brown
788;He Sees You When You're Sleeping : A Novel;Mary Higgins Clark;2001;Scribner
789;2nd Chance;James Patterson;2002;Little, Brown
790;The Carousel : A Novel;Richard Paul Evans;2000;Simon  Schuster
791;The Promise Remains;Travis Thrasher;2000;Tyndale House Publishers
792;You Cannot Be Serious;John McEnroe;2002;Putnam Publishing Group
793;LAKE NEWS : A Novel;Barbara Delinsky;1999;Simon  Schuster
794;Liar's Game;Eric Jerome Dickey;2000;Dutton Books
795;Out of the Blue;Sally Mandel;2000;Ballantine Books
796;Voice of the Eagle;Linda Lay Shuler;1993;Signet Book
797;The Kingdom by the Sea: A Journey Around Great Britain;Paul Theroux;1984;Pocket Books
798;Shattered Uk;Dick Francis;0;Michael Joseph Ltd
799;The Proud and the Free;Janet Dailey;1995;Warner Vision
800;Shoah;Claude Lanzmann;1985;Random House Inc
801;The Bad Beginning (A Series of Unfortunate Events, Book 1);Lemony Snicket;1999;HarperCollins
802;TERROR FIRMA;Matthew Thomas;2001;Trafalgar Square
803;Le Loup-garou;Boris Vian;1999;LGF
804;Chronique d'une mort annonc√?¬©e;Gabriel Garcia Marquez;1987;LGF
805;Le neveu d'Am√?¬©rique;Luis Sep√?¬∫lveda;1998;Seuil
806;Last Exit to Brooklyn;Hubert Selby;2000;Bloomsbury Pub Ltd
807;More George W. Bushisms: More Verbal Contortions from America's 43rd President;Jacob Weisberg;2002;Simon  Schuster (Trade Division)
808;Therapy;David Lodge;1996;Penguin Putnam~trade
809;Scottish Ghosts;Judy Hamilton;1999;Lomond Books
810;Awful End (Eddie Dickens Trilogy S.);Philip Ardagh;2000;Faber Children's Books
811;The Wasp Factory;Iain Banks;0;Abacus
812;George W. Bushisms : The Slate Book of The Accidental Wit and Wisdom of our 43rd President;Jacob Weisberg;2001;Fireside
813;The World's Stupidest Laws;David Crombie;2000;Michael O'Mara Books
814;"Of Mice and Men (Steinbeck \Essentials\"")""";John Steinbeck;2001;Penguin Books Ltd
815;The World's Stupidest Signs;Michael O'Mara;2000;Michael O'Mara Books
816;Nessie: The Loch Ness Monster;Richard Brassey;2003;Trafalgar Square Books
817;XIII, tome 13, L'enqu√?¬™te : the XIII mystery;Jean Van Hamme;1999;Dargaud
818;How Not to Say What You Mean: A Dictionary of Euphemisms (Oxford Paperback Reference S.);R. W. Holder;2003;Oxford University Press
819;Cooking for One (Cook's Essentials);Valerie Ferguson;2000;Southwater Publishing
820;Les Fourmis;Bernard Werber;2002;LGF
821;How to Draw Celtic Knotwork: A Practical Handbook;Andy Sloss;0;Brockhampton Press
822;The Sorcerer's Companion: A Guide to the Magical World of Harry Potter;ALLAN ZOLA KRONZEK;2001;Broadway
823;Celtic Myths and Legends;Charles L. Squire;2000;Lomond Books
824;Scottish Folk and Fairy Tales (Penguin Popular Classics);Gordon Jarvie;1997;Penguin Books Ltd
825;Terrible Times (Eddie Dickens Trilogy S.);Philip Ardagh;2002;Faber Children's Books
826;Cantil√®nes en gel√©e  Barnum's digest  Vingt po√®mes in√©dits (10/18 [i.e. Dix/dix-huit]  517);Boris Vian;1978;Union g√©n√©rale d'√©ditions
827;Glasgow Zen;Alan Spence;2002;Canongate Books Ltd
828;Totally Muffins Cookbook (Totally Cookbooks);Helene Siegel;1995;Celestial Arts
829;Tigger's Little Book of Diet and Exercise;E.H. Shepard;2002;Egmont Childrens Books
830;Eeyore's Little Book of Gloom;Alan Alexander Milne;1999;Routledge
831;The Adventures of Dougal;Eric Thompson;1998;Bloomsbury Publishing PLC
832;Amy and Isabelle;Elizabeth Strout;1999;Random House Inc
833;Rule of the Bone : Novel, A;Russell Banks;1996;Perennial
834;Me Talk Pretty One Day;David Sedaris;2001;Back Bay Books
835;Stone Butch Blues;Leslie Feinberg;1993;Firebrand Books
836;stardust;Neil Gaiman;2001;Perennial
837;Fires of Aggar;Chris Anne Wolfe;2001;Windstorm Creative
838;Kamikaze Lust;Lauren Sanders;2000;Akashic Books
839;Gossamer Axe;Gael Baudino;1993;New Amer Library
840;Witchfire;Lauren Maddison;2001;Alyson Books
841;Seven Moves;Carol Anshaw;1997;Mariner Books
842;Return to Isis;Jean Stewart;1992;Rising Tide Press (AZ)
843;Hood;Emma Donoghue;1998;Alyson Publications
844;Leaving Pipe Shop: Memories of Kin;Deborah McDowell;1998;W. W. Norton  Company
845;Love Ruins Everything: A Novel;Karen X. Tulchinsky;1998;Press Gang Publishers
846;Skin: Talking About Sex, Class  Literature;Dorothy Allison;1994;Firebrand Books
847;Death: At Death's Door (Vertigo, Number 1);Jill Thompson;2003;DC Comics
848;The Second Coming of Curly Red;Jody Seay;1999;Firebrand Books
849;Night Mares;Manda Scott;1999;Crimeline
850;Hen's Teeth;Manda Scott;1999;Bantam Books
851;The Door to December;Dean R. Koontz;1994;Signet Book
852;No Shirt, No Shoes, No Problem!;Jeff Foxworthy;1997;Warner Books (Mm)
853;The Scions of Shannara (Heritage of Shannara (Paperback));Terry Brooks;1993;Del Rey Books
854;Star Wars the Rebel Dawn: The Han Solo Trilogy (Star Wars: Han Solo Trilogy (Paperback));A.C. Crispin;1998;Spectra Books
855;The Hutt Gambit (Star Wars: The Han Solo Trilogy, Vol. 2);A. C. Crispin;1998;Bantam Books
856;The Paradise Snare (Star Wars: The Han Solo Trilogy, Volume 1);A. C. Crispin;1998;Spectra Books
857;A Year of Full Moons;Madelyn Arnold;2002;Stonewall Inn Editions
858;Alanna: The First Adventure (Song of the Lioness (Paperback));Tamora Pierce;1989;Random House Children's Books
859;The Beans of Egypt, Maine;Carolyn Chute;1986;Warner Books
860;Warrior Moon;Sara Orwig;1995;Zebra Books
861;The Funhouse;Dean R. Koontz;1994;Berkley Publishing Group
862;Cold Iron;Melisa Michaels;1997;Roc
863;Circle of Three #12: Written in the Stars (Circle of Three);Isobel Bird;2001;Avon
864;The Space Merchants;Frederik Pohl;1987;St Martins Pr
865;DREAMSNAKE;VONDA MCINTYRE;1986;Dell
866;Titan;John Varley;1980;Berkley Publishing Group
867;The Year They Burned the Books;Nancy Garden;1999;Farrar Straus Giroux
868;A Density of Souls;Christopher Rice;2001;Miramax
869;Slow River;Nicola Griffith;1996;Ballantine Books
870;Changer;Jane Lindskold;1998;Eos
871;Trixie Belden and the Mystery Off Glen Road (Mystery Off Glen Road);Julie Campbell;1977;Random House Childrens Books
872;Lark in the Morning;Nancy Garden;1991;Farrar Straus  Giroux
873;Saving Grace;LEE SMITH;1996;Ballantine Books
874;Lena (50 State Quarters);JACQUELINE WOODSON;2000;Laurel Leaf
875;I Hadn't Meant to Tell You This;Jacqueline Woodson;1995;Laurel-Leaf Books
876;Raise the Roof: The Inspiring Inside Story of the Tennessee Lady Vols' Undefeated 1997-98 Season;Pat Head Summitt;1998;Broadway Books
877;Ufos, JFK and Elvis: Conspiracies You Don't Have to Be Crazy to Believe;Richard Belzer;1999;Ballantine Books
878;Hannibal;Thomas Harris;1999;Del Sol Press
879;About a Boy (Movie Tie-In);Nick Hornby;2002;Riverhead Books
880;Mostly Harmless;Douglas Adams;2000;Ballantine Books
881;The Thorn Birds (Modern Classics);Colleen McCullough;1998;Wings
882;Dreamcatcher;Stephen King;2001;Scribner
883;Sudden Mischief (Spenser Mysteries (Hardcover));Robert B. Parker;1998;Putnam Pub Group
884;Elements of Programming With Perl;Andrew L. Johnson;1999;Manning Publications
885;To Catch a Cat;Marian Babson;2002;St. Martin's Minotaur
886;People of the Wolf (The First North Americans series, Book 1);W. Michael Gear;1992;Tor Books
887;The Door to December;Dean R. Koontz;2002;Signet Book
888;College Majors and Careers: A Resource Guide for Effective Life Planning (College Majors and Careers);Paul Phifer;1999;Ferguson Publishing Company
889;Smilla's Sense of Snow;Peter Hoeg;1997;Island
890;The Grass Is Always Greener over the Septic Tank;Erma Bombeck;1988;Fawcett Books
891;Viaggi del tempo immobile (I coralli);Roberto Vecchioni;1996;Einaudi
892;Rumpole on Trial;John Mortimer;1992;Penguin USA
893;Billy Bathgate;E. L. Doctorow;1989;Random House
894;Citizens: A Chronicle of the French Revolution;Simon Schama;1989;Random House Inc
895;The Man Who Killed the Deer;Frank Waters;1970;Ohio University Press
896;The Music of Dolphins (Apple Signature Edition);Karen Hesse;1998;Hyperion Books for Children
897;Sunwing (Aladdin Fantasy);Kenneth Oppel;2001;Aladdin
898;Caddie Woodlawn - Newbery Promo '99 (Aladdin Fiction);Carol Ryrie Brink;1999;Aladdin
899;The Hork-Bajir Chronicles (Animorphs Series);K. A. Applegate;1998;Scholastic
900;The Silver Chair (full color) (Narnia);C. S. Lewis;2000;HarperTrophy
901;The Magician's Nephew (Narnia);C. S. Lewis;1994;HarperTrophy
902;Circles in the Stream (Avalon: Web of Magic, 1);Shelly R. Roberts;2001;Scholastic
903;High Wizardry: The Third Book in the Young Wizards Series;Diane Duane;2001;Magic Carpet Books
904;Deep Wizardry: The Second Book in the Young Wizards Series;Diane Duane;2001;Magic Carpet Books
905;So You Want to Be a Wizard: The First Book in the Young Wizards Series;Diane Duane;2001;Magic Carpet Books
906;Going for Great (Ag Fiction (American Girl));Carolee Brockmann;1999;Pleasant Company Publications
907;All That Glitters (Avalon, 2);Rachel Roberts;2001;Scholastic
908;Cry of the Wolf (Avalon, 3);Rachel Roberts;2001;Scholastic
909;The Secret of the Unicorn (Avalon Web of Magic, 4);Rachel Roberts;2000;Scholastic Paperbacks
910;Avalon: Web Of Magic #5: Spellsinger;Rachel Roberts;2002;Scholastic Paperbacks
911;Trial by Fire;Rachel Roberts;2002;Scholastic Paperbacks
912;Ties That Bind, Ties That Break (Laurel-Leaf Books);Lensey Namioka;2000;Laurel-Leaf Books
913;The Hauntings of Williamsburg, Yorktown, and Jamestown;Jackie Eileen Behrend;1998;John F. Blair Publisher
914;The Janitor's Boy;Andrew Clements;2001;Aladdin
915;The Hitchhiker's Guide to the Galaxy;Douglas Adams;1995;Ballantine Books
916;The Giver (21st Century Reference);LOIS LOWRY;1994;Laure Leaf
917;The Heavenly Man: The Remarkable True Story of Chinese Christian Brother Yun;Paul Hattaway;2003;Monarch Books
918;The Little Book of Chocolate (Little Book Of...(Flammarion));Alain Stella;2001;Flammarion
919;Das Schlampenbuch. Erz√?¬§hlungen. ( neue frau).;Milena Moser;1993;Rowohlt Tb.
920;Die zwei Gesichter des Januars.;Patricia Highsmith;1974;Diogenes Verlag
921;Nacht √?¬ºber den Wassern.;Ken Follett;1994;L√?¬ºbbe
922;Die S√?¬§ulen der Erde. Roman.;Ken Follett;1992;L√?¬ºbbe
923;A Man Rides Through (Man Rides Through);Stephen Donaldson;1990;Del Rey Books
924;Mirror of Her Dreams (Mordant's Need);STEPHEN R. DONALDSON;1987;Del Rey
925;Reader;Bernhard Schlink;0;Phoenix Books
926;The Dead Zone;Stephen King;2004;Signet Book
927;The Diary of Ellen Rimbauer: My Life at Rose Red;Ellen Rimbauer;2002;Hyperion Press
928;A New Germany in a New Europe;Todd Herzog;2000;Routledge
929;Belonging in the Two Berlins : Kin, State, Nation (Cambridge Studies in Social and Cultural Anthropology);John Borneman;1992;Cambridge University Press
930;The Great Depression : America 1929-1941;ROBERT S. MCELVAINE;1993;Three Rivers Press
931;Lady of the Shroud;Bram Stoker;1989;Amereon Limited
932;Dark Tide I: Onslaught (Star Wars: The New Jedi Order, Book 2);Michael A. Stackpole;2000;Del Rey Books
933;LONG DARK TEA TIME OF THE SOUL;Douglas Adams;1990;Pocket
934;The Return of Simple;Langston Hughes;1995;Hill  Wang
935;Half Moon Street (Charlotte  Thomas Pitt Novels (Paperback));Anne Perry;2001;Ballantine Books
936;A Minor Indiscretion (Red Dress Ink (Paperback));Carol Matthews;2003;Red Dress Ink
937;For Better, for Worse: A Novel;Carole Matthews;2002;Avon Trade
938;Hidden in Plain View: A Secret Story of Quilts and the Underground Railroad;Jacqueline L. Tobin;2000;Anchor Pub
939;The Forest House;Marion Zimmer Bradley;1995;Roc
940;American Poetry Since 1970: Up Late;Andrei Codrescu;1988;Four Walls Eight Windows
941;Twin Blessings (Love Inspired (Numbered));Carolyne Aarsen;2001;Steeple Hill
942;West of Dodge: Frontier Stories;Louis L'Amour;1996;Bantam
943;How to Make $1,000 a Minute: Negotiating Salaries and Raises;Jack Chapman;1987;Ten Speed Pr
944;Non-manipulative selling;Anthony J Alessandra;1981;Reston Pub. Co
945;Come Before Winter and Share My Hope;Charles R. Swindoll;1985;Word Publishing
946;The Bear and the Dragon;Tom Clancy;2000;G. P. Putnam's Sons
947;Ender's Game (Ender Wiggins Saga (Paperback));Orson Scott Card;1992;Tor Books
948;Thinking on paper;V. A Howard;1986;W. Morrow
949;Net Force;Tom Clancy;1999;Berkley Publishing Group
950;The Testament;John Grisham;1999;Doubleday Books
951;The Internet Church;Walter P. Wilson;2000;W Publishing Group
952;The Mp3 and Internet Audio Handbook: Your Guide to the Digital Music Revolution;Bruce Fries;2000;Teamcom Books
953;The Way Things Ought to Be;Rush H., III Limbaugh;1992;Pocket Books
954;A Time to Kill;JOHN GRISHAM;1992;Dell
955;The Truth About Texas: Who Needs to Brag? We'Ve Got the Facts;Anne Dingus;1995;Gulf Publishing Company
956;Awakening;Kate Chopin;1982;Avon
957;Wall Street's Picks for 2000: An Insider's Guide to the Year's Best Stocks  Mutual Funds (Wall Street's Picks);Kirk Kazanjian;1999;Dearborn Financial Publishing
958;Poetics of the New American Poetry;Donald Merriam Allen;1974;Grove Press
959;Patriot Games;Tom Clancy;1992;Berkley Publishing Group
960;Dead Men Do Tell Tales: The Strange and Fascinating Cases of a Forensic Anthropologist;William Maples;1995;Main Street Books
961;Moonlighting: 148 Great Ways to Make Money on the Side;Carl Hausman;1991;Harpercollins
962;Amanda Miranda;Richard Peck;1981;Harper Mass Market Paperbacks (Mm)
963;Chasing the Dime;Michael Connelly;2003;Warner Books
964;Tender Triumph (Sonnet Books);Judith McNaught;1991;Pocket
965;The Cat Who Tailed a Thief;Lilian Jackson Braun;1998;Jove Books
966;Guilt;John T. Lescroart;1998;Island
967;On Secret Service;John Jakes;2001;Signet Book
968;Charming Billy;Alice McDermott;1999;Delta
969;All the Days of My Life;Hilary Bailey;1986;Fawcett Books
970;The Dinner Party;Howard Fast;1991;Dell Publishing Company
971;A Palette for Murder: Murder She Wrote (Murder She Wrote (Paperback));Jessica Fletcher;1996;Signet Book
972;Golden Cup;Belva Plain;1987;Dell
973;Murder at the Library of Congress (Capital Crimes (Paperback));Margaret Truman;2001;Fawcett Books
974;No Safe Place;RICHARD NORTH PATTERSON;1999;Ballantine Books
975;Thorns of Truth;Eileen Goudge;1999;Signet Book
976;Granny Dan;DANIELLE STEEL;2000;Random House, Inc.
977;Border Bride;Arnette Lamb;1993;Pocket
978;The Penwyth Curse;Catherine Coulter;2004;Jove Books
979;Xanth 15: The Color of Her Panties;Piers Anthony;1992;Eos
980;Der F√?¬ºrst der Finsternis. Roman.;Anne Rice;1992;Goldmann
981;A Reporter's Life;WALTER CRONKITE;1996;Knopf
982;Jacob Marley's Christmas Carol;Tom Mula;1995;Adams Media Corp
983;Practice Makes Pregnant   Manhattan Multiples (Silhouette Special Edition, 1569);Lois Faye Dyer;2003;Silhouette
984;The Secret Lives of Girls: What Good Girls Really Do--Sex Play, Aggression, and Their Guilt;Sharon Lamb;2002;Free Press
985;Hound of the Baskervilles (Aladdin Classics);Sir Arthur Conan Doyle;2000;Aladdin
986;SLEEPING MURDER;AGATHA CHRISTIE;1983;Bantam
987;The Fractal Murders (Pepper Keane Mysteries);Mark Cohen;2004;Mysterious Press
988;Blowtorch Psycho.Com (Bone Chillers, No 18);Sherry Shahan;1997;Harpercollins Juvenile Books
989;Final Stand;Helen Myers;2002;Mira
990;Christmas : A Holiday Treasury;Della Rowland;1994;Andrews McMeel Publishing
991;Magic House of Numbers.;Irving. Adler;1974;Harpercollins Library
992;Lord of the Silent: A Novel of Suspense;Elizabeth Peters;2002;Avon
993;Whisper to Me of Love;Shirlee Busbee;1991;Harper Mass Market Paperbacks
994;Wuthering Heights;EMILY BRONTE;1983;Bantam
995;The Stars Shine Down;Sidney Sheldon;1993;Warner Books
996;Toxin;Robin Cook;1999;Berkley Publishing Group
997;This Present Darkness;Frank E. Peretti;1999;Sagebrush Bound
998;The Mothman Prophecies;John A. Keel;2002;Tor Books
999;Meet the Stars of Buffy the Vampire Slayer;Stefanie Scott;1998;Scholastic
1000;Rush to the Altar  (Twin Brides);Rebecca Winters;2003;Harlequin
